Workbook

Sheet README
A1: FirstBite 음식 DB 입력 템플릿
A2: 목적 | B2: 해커톤 구현용 음식·영양·GI·사이드 메뉴 데이터를 한 파일에서 관리합니다.
A3: 입력 순서 | B3: 1) sources 출처 보완 → 2) foods 빈 영양값 입력 → 3) food_sources 연결 확인 → 4) side_menu_catalog 가격·용이성 입력
A4: ID 정책 | B4: id는 서버 저장 시 UUID v7로 생성하고, 엑셀에서는 비워 둡니다. food_code/source_code는 변경하지 않는 고유 업무 식별자입니다.
A5: GL 계산 | B5: 유효 탄수화물(g)=MAX(탄수화물-식이섬유,0), GL=GI×유효 탄수화물/100. foods 시트에서 자동 계산됩니다.
A6: 노란색 셀 | B6: 사용자가 확인·입력해야 하는 값입니다. 미확정 값은 0 대신 빈칸으로 두세요.
A7: 사이드 메뉴 영양값 | B7: foods 시트에서 해당 food_code 행의 영양값을 입력하면 side_menu_catalog에 자동 표시되고 GL도 계산됩니다.
A8: 품질 구분 | B8: MEASURED=실측, ESTIMATED=추정, GROUP_ESTIMATED=식품군 대표값, UNKNOWN=출처·값 미확정
A9: 주의 | B9: 이 파일의 GL은 상대 비교용이며 개인 혈당 예측, 진단 또는 처방 수치가 아닙니다.
A10: 대표 이미지 | B10: 음식 대표 이미지는 S3에 업로드한 뒤 foods.image_url에 URL을 입력합니다. 미등록 시 비워 두고 화면에서 기본 이미지를 사용합니다.
A11: 화면 추가 필드 | B11: description은 화면용 짧은 설명입니다. sodium_mg는 식약처 등 확인 가능한 출처의 1인분 기준 나트륨(mg)만 입력하며 미확정 값은 비워 둡니다.
A12: 나트륨 입력 기준 | B12: sodium_mg는 foods 행의 1인분 기준 값입니다. K-FIND(식약처) 대표 음식을 우선 매칭하고, 적절한 항목이 없으면 USDA 공개 대표값을 사용했습니다. 정확한 제품 분석값이 아니라 화면·해커톤용 대표값이므로 출처 URL과 매칭 메모를 함께 확인하세요.

Sheet foods
A1: id | B1: food_code | C1: name | D1: category | E1: initials | F1: serving_description | G1: serving_amount | H1: serving_unit | I1: carb_g | J1: fiber_g | K1: protein_g | L1: fat_g | M1: available_carb_g | N1: gi | O1: gl | P1: calorie_kcal | Q1: nutrition_data_quality | R1: gi_data_quality | S1: is_active | T1: created_at | U1: updated_at | V1: image_url | W1: description | X1: sodium_mg | Y1: sodium_source_url | Z1: sodium_match_note
B2: gimbap | C2: 김밥 | D2: 밥류 | E2: ㄱㅂ | F2: 일반 김밥 1줄(약 230g) | G2: 230 | H2: G | I2: 71.1 | J2: 5 | K2: 10.3 | L2: 8.5 | M2: =IF(OR(I2="",J2=""),"",MAX(I2-J2,0)) -> 66.1 | N2: 90 | O2: =IF(OR(M2="",N2=""),"",M2*N2/100) -> 59.49 | P2: 322 | Q2: 식품영양성분 데이터베이스 | R2: MEASURED | S2: TRUE | W2: 김밥의 일반 김밥 1줄(약 230g) 기준 영양정보를 제공하는 메뉴입니다. | X2: 706 | Y2: https://various.foodsafetykorea.go.kr/nutrient/general/food/firstList.do | Z2: 김밥(가정식) 307 mg/100g × 230g
B3: tteokbokki | C3: 떡볶이 | D3: 분식 | E3: ㄸㅂㅇ | F3: 일반 떡볶이 1인분(약 200g) | G3: 200 | H3: G | I3: 47.3 | J3: 2.5 | K3: 6.3 | L3: 3.8 | M3: =IF(OR(I3="",J3=""),"",MAX(I3-J3,0)) -> 44.8 | N3: 95 | O3: =IF(OR(M3="",N3=""),"",M3*N3/100) -> 42.56 | P3: 288 | Q3: 식품영양성분 데이터베이스 | R3: GROUP_ESTIMATED | S3: TRUE | W3: 떡볶이의 일반 떡볶이 1인분(약 200g) 기준 영양정보를 제공하는 메뉴입니다. | X3: 853 | Y3: https://various.foodsafetykorea.go.kr/nutrient/general/food/firstList.do | Z3: 떡볶이 대표 음식값을 200g으로 환산
B4: bibimbap | C4: 비빔밥 | D4: 밥류 | E4: ㅂㅂㅂ | F4: 일반 비빔밥 1그릇(약 500g) | G4: 500 | H4: G | I4: 94.2 | J4: 10.2 | K4: 34.3 | L4: 21.6 | M4: =IF(OR(I4="",J4=""),"",MAX(I4-J4,0)) -> 84 | N4: 63.7 | O4: =IF(OR(M4="",N4=""),"",M4*N4/100) -> 53.508 | P4: 710 | Q4: 식품영양성분 데이터베이스 | R4: MEASURED | S4: TRUE | W4: 비빔밥의 일반 비빔밥 1그릇(약 500g) 기준 영양정보를 제공하는 메뉴입니다. | X4: 1329 | Y4: https://various.foodsafetykorea.go.kr/nutrient/general/food/firstList.do | Z4: 비빔밥 대표 음식값을 500g으로 환산
B5: chicken_salad | C5: 치킨 샐러드 | D5: 채소류 | E5: ㅊㅋㅅㄹㄷ | F5: 치킨 샐러드 1접시(약 100g) | G5: 100 | H5: G | I5: 6 | J5: 4 | K5: 11 | L5: 11 | M5: =IF(OR(I5="",J5=""),"",MAX(I5-J5,0)) -> 2 | N5: 40 | O5: =IF(OR(M5="",N5=""),"",M5*N5/100) -> 0.8 | P5: 170 | Q5: 식품영양성분 데이터베이스 | R5: MEASURED | S5: TRUE | W5: 치킨 샐러드의 치킨 샐러드 1접시(약 100g) 기준 영양정보를 제공하는 메뉴입니다. | X5: 450 | Y5: https://various.foodsafetykorea.go.kr/nutrient/general/food/firstList.do | Z5: 치킨 샐러드 대표 음식 100g 기준
B6: fried_chicken | C6: 치킨 | D6: 육류 | E6: ㅊㅋ | F6: 후라이드치킨 가식부 약 200g | G6: 200 | H6: G | I6: 34 | J6: 0.8 | K6: 28 | L6: 28 | M6: =IF(OR(I6="",J6=""),"",MAX(I6-J6,0)) -> 33.2 | N6: 58 | O6: =IF(OR(M6="",N6=""),"",M6*N6/100) -> 19.256 | P6: 500 | Q6: 식품영양성분 데이터베이스 | R6: MEASURED | S6: TRUE | W6: 치킨의 후라이드치킨 가식부 약 200g 기준 영양정보를 제공하는 메뉴입니다. | X6: 1140 | Y6: https://various.foodsafetykorea.go.kr/nutrient/general/food/firstList.do | Z6: 후라이드치킨 대표 음식값을 200g으로 환산
B7: white_rice | C7: 백미밥 | D7: 밥류 | E7: ㅂㅁㅂ | F7: 1공기(약 210g) | G7: 210 | H7: G | I7: 78.39 | J7: 0.21 | K7: 7.06 | L7: 0.67 | M7: =IF(OR(I7="",J7=""),"",MAX(I7-J7,0)) -> 78.18 | N7: 70 | O7: =IF(OR(M7="",N7=""),"",M7*N7/100) -> 54.726 | P7: 348.6 | Q7: 식품영양성분 데이터베이스 | R7: MEASURED | S7: TRUE | W7: 백미밥의 1공기(약 210g) 기준 영양정보를 제공하는 메뉴입니다. | X7: 2 | Y7: https://various.foodsafetykorea.go.kr/nutrient/general/food/firstList.do | Z7: 백미밥 대표 음식값을 210g으로 환산
B8: multigrain_rice | C8: 잡곡밥 | D8: 밥류 | E8: ㅈㄱㅂ | F8: 1공기(약 210g) | G8: 210 | H8: G | I8: 61 | J8: 12.8 | K8: 11.1 | L8: 1.8 | M8: =IF(OR(I8="",J8=""),"",MAX(I8-J8,0)) -> 48.2 | N8: 72 | O8: =IF(OR(M8="",N8=""),"",M8*N8/100) -> 34.704 | P8: 306.6 | Q8: 식품영양성분 데이터베이스 | R8: ESTIMATED | S8: TRUE | W8: 잡곡밥의 1공기(약 210g) 기준 영양정보를 제공하는 메뉴입니다. | X8: 5 | Y8: https://various.foodsafetykorea.go.kr/nutrient/general/food/firstList.do | Z8: 잡곡밥 대표 음식값을 210g으로 환산
B9: egg_fried_rice | C9: 계란볶음밥 | D9: 밥류 | E9: ㅂㅇㅂ | F9: 1그릇(약 300g) | G9: 300 | H9: G | I9: 72.7 | J9: 3.5 | K9: 19.9 | L9: 33.8 | M9: =IF(OR(I9="",J9=""),"",MAX(I9-J9,0)) -> 69.2 | N9: 80 | O9: =IF(OR(M9="",N9=""),"",M9*N9/100) -> 55.36 | P9: 674.8 | Q9: 식품영양성분 데이터베이스 | R9: ESTIMATED | S9: TRUE | W9: 계란볶음밥의 1그릇(약 300g) 기준 영양정보를 제공하는 메뉴입니다. | X9: 1130 | Y9: https://various.foodsafetykorea.go.kr/nutrient/general/food/firstList.do | Z9: 계란볶음밥 대표 음식값을 300g으로 환산
B10: curry_rice | C10: 카레라이스 | D10: 밥류 | E10: ㅋㄹㄹㅇㅅ | F10: 1그릇(약 450g) | G10: 450 | H10: G | I10: 93.3 | J10: 2.3 | K10: 14 | L10: 6.3 | M10: =IF(OR(I10="",J10=""),"",MAX(I10-J10,0)) -> 91 | N10: 80 | O10: =IF(OR(M10="",N10=""),"",M10*N10/100) -> 72.8 | P10: 486 | Q10: 식품영양성분 데이터베이스 | R10: ESTIMATED | S10: TRUE | W10: 카레라이스의 1그릇(약 450g) 기준 영양정보를 제공하는 메뉴입니다. | X10: 1260 | Y10: https://various.foodsafetykorea.go.kr/nutrient/general/food/firstList.do | Z10: 카레라이스 대표 음식값을 450g으로 환산
B11: spicy_pork_rice | C11: 제육덮밥 | D11: 밥류 | E11: ㅈㅇㄷㅂ | F11: 1그릇(약 450g) | G11: 450 | H11: G | I11: 106.5 | J11: 5 | K11: 31.8 | L11: 18.7 | M11: =IF(OR(I11="",J11=""),"",MAX(I11-J11,0)) -> 101.5 | N11: 80 | O11: =IF(OR(M11="",N11=""),"",M11*N11/100) -> 81.2 | P11: 721.3 | Q11: 식품영양성분 데이터베이스 | R11: ESTIMATED | S11: TRUE | W11: 제육덮밥의 1그릇(약 450g) 기준 영양정보를 제공하는 메뉴입니다. | X11: 1650 | Y11: https://various.foodsafetykorea.go.kr/nutrient/general/food/firstList.do | Z11: 제육덮밥 대표 음식값을 450g으로 환산
B12: kimchi_stew | C12: 김치찌개 | D12: 국·찌개류 | E12: ㄱㅊㅉㄱ | F12: 1인분(약 300g) | G12: 300 | H12: G | I12: 8.9 | J12: 6.3 | K12: 11.3 | L12: 11.3 | M12: =IF(OR(I12="",J12=""),"",MAX(I12-J12,0)) -> 2.6 | N12: 0 | O12: =IF(OR(M12="",N12=""),"",M12*N12/100) -> 0 | P12: 182.2 | Q12: 식품영양성분 데이터베이스 | R12: GROUP_ESTIMATED | S12: TRUE | W12: 김치찌개의 1인분(약 300g) 기준 영양정보를 제공하는 메뉴입니다. | X12: 1400 | Y12: https://various.foodsafetykorea.go.kr/nutrient/general/food/firstList.do | Z12: 김치찌개 대표 음식값을 300g으로 환산
B13: soybean_paste_stew | C13: 된장찌개 | D13: 국·찌개류 | E13: ㄷㅈㅉㄱ | F13: 1인분(약 300g) | G13: 300 | H13: G | I13: 13.3 | J13: 4.8 | K13: 10.1 | L13: 4.9 | M13: =IF(OR(I13="",J13=""),"",MAX(I13-J13,0)) -> 8.5 | N13: 0 | O13: =IF(OR(M13="",N13=""),"",M13*N13/100) -> 0 | P13: 137.8 | Q13: 식품영양성분 데이터베이스 | R13: GROUP_ESTIMATED | S13: TRUE | W13: 된장찌개의 1인분(약 300g) 기준 영양정보를 제공하는 메뉴입니다. | X13: 1600 | Y13: https://various.foodsafetykorea.go.kr/nutrient/general/food/firstList.do | Z13: 된장찌개 대표 음식값을 300g으로 환산
... B44: porridge | C44: 흰죽 | D44: 죽 | E44: ㅎㅈ | F44: 300g | G44: 300 | H44: G | I44: 40.47 | J44: 0.9 | K44: 3.6 | L44: 0.84 | M44: =IF(OR(I44="",J44=""),"",MAX(I44-J44,0)) -> 39.57 | N44: 68 | O44: =IF(OR(M44="",N44=""),"",M44*N44/100) -> 26.9076 | P44: 192 | Q44: 식품영양성분 데이터베이스 | R44: MEASURED | S44: TRUE | W44: 흰죽의 300g 기준 영양정보를 제공하는 메뉴입니다. | X44: 300 | Y44: https://various.foodsafetykorea.go.kr/nutrient/general/food/firstList.do | Z44: 흰죽 300g 대표값
B45: boiled_egg | C45: 구운계란 | D45: 사이드 | F45: 2개 | G45: 2 | H45: COUNT | I45: 1.1 | J45: 0 | K45: 13 | L45: 10 | M45: =IF(OR(I45="",J45=""),"",MAX(I45-J45,0)) -> 1.1 | N45: 0 | O45: =IF(OR(M45="",N45=""),"",M45*N45/100) -> 0 | P45: 150 | Q45: 식품영양성분 데이터베이스 | R45: UNKNOWN | S45: TRUE | W45: 간편하게 단백질을 보완할 수 있는 구운 계란 사이드입니다. | X45: 124 | Y45: https://fdc.nal.usda.gov/fdc-app.html#/food-search | Z45: 큰 달걀 2개, 1개당 약 62mg
B46: soft_tofu | C46: 연두부 | D46: 사이드 | F46: 1개 | G46: 1 | H46: COUNT | I46: 5.7 | J46: 0.3 | K46: 4.66 | L46: 7.5 | M46: =IF(OR(I46="",J46=""),"",MAX(I46-J46,0)) -> 5.4 | N46: 15 | O46: =IF(OR(M46="",N46=""),"",M46*N46/100) -> 0.81 | P46: 135 | Q46: 식품영양성분 데이터베이스 | R46: UNKNOWN | S46: TRUE | W46: 부드럽게 곁들여 먹을 수 있는 연두부 사이드입니다. | X46: 10 | Y46: https://various.foodsafetykorea.go.kr/nutrient/general/food/firstList.do | Z46: 연두부 1개 무첨가 대표값
B47: chicken_breast | C47: 닭가슴살 | D47: 사이드 | F47: 1개 | G47: 1 | H47: COUNT | I47: 0 | J47: 0 | K47: 24 | L47: 2 | M47: =IF(OR(I47="",J47=""),"",MAX(I47-J47,0)) -> 0 | N47: 0 | O47: =IF(OR(M47="",N47=""),"",M47*N47/100) -> 0 | P47: 120 | Q47: 식품영양성분 데이터베이스 | R47: UNKNOWN | S47: TRUE | W47: 단백질이 부족한 식사에 가볍게 추가하기 좋은 닭가슴살입니다. | X47: 70 | Y47: https://fdc.nal.usda.gov/fdc-app.html#/food-search | Z47: 조리 닭가슴살 1회분 무염 대표값
B48: cherry_tomato | C48: 방울토마토 | D48: 사이드 | F48: 100g | G48: 100 | H48: G | I48: 5 | J48: 2.1 | K48: 1 | L48: 0.2 | M48: =IF(OR(I48="",J48=""),"",MAX(I48-J48,0)) -> 2.9 | N48: 15 | O48: =IF(OR(M48="",N48=""),"",M48*N48/100) -> 0.435 | P48: 20 | Q48: 식품영양성분 데이터베이스 | R48: UNKNOWN | S48: TRUE | W48: 상큼하게 곁들이며 식이섬유를 더할 수 있는 방울토마토입니다. | X48: 5 | Y48: https://fdc.nal.usda.gov/fdc-app.html#/food-search | Z48: 방울토마토 100g 대표값
B49: radish_namul | C49: 무나물 | D49: 사이드 | F49: 50g | G49: 50 | H49: G | I49: 2 | J49: 1.85 | K49: 1.25 | L49: 0.5 | M49: =IF(OR(I49="",J49=""),"",MAX(I49-J49,0)) -> 0.15 | N49: 15 | O49: =IF(OR(M49="",N49=""),"",M49*N49/100) -> 0.0225 | P49: 15 | Q49: 식품영양성분 데이터베이스 | R49: UNKNOWN | S49: TRUE | W49: 담백하게 식이섬유 반찬을 보완할 수 있는 무나물입니다. | X49: 220 | Y49: https://various.foodsafetykorea.go.kr/nutrient/general/food/firstList.do | Z49: 무나물 50g 대표값
B50: cucumber | C50: 오이 | D50: 사이드 | F50: 200g | G50: 200 | H50: G | I50: 6 | J50: 1.6 | K50: 1.9 | L50: 0.2 | M50: =IF(OR(I50="",J50=""),"",MAX(I50-J50,0)) -> 4.4 | N50: 15 | O50: =IF(OR(M50="",N50=""),"",M50*N50/100) -> 0.66 | P50: 25 | Q50: 식품영양성분 데이터베이스 | R50: UNKNOWN | S50: TRUE | W50: 아삭하고 가볍게 곁들일 수 있는 오이 사이드입니다. | X50: 4 | Y50: https://fdc.nal.usda.gov/fdc-app.html#/food-search | Z50: 생 오이 200g 대표값
B51: cabbage | C51: 양배추 | D51: 사이드 | F51: 100g | G51: 100 | H51: G | I51: 6 | J51: 2.5 | K51: 1.36 | L51: 0.1 | M51: =IF(OR(I51="",J51=""),"",MAX(I51-J51,0)) -> 3.5 | N51: 10 | O51: =IF(OR(M51="",N51=""),"",M51*N51/100) -> 0.35 | P51: 25 | Q51: 식품영양성분 데이터베이스 | R51: UNKNOWN | S51: TRUE | W51: 식이섬유를 보완하며 먼저 먹기 좋은 양배추 사이드입니다. | X51: 18 | Y51: https://fdc.nal.usda.gov/fdc-app.html#/food-search | Z51: 생 양배추 100g 대표값
B52: almonds | C52: 아몬드 | D52: 사이드 | F52: 1팩 (30g) | G52: 30 | H52: G | I52: 6.5 | J52: 3.39 | K52: 7.04 | L52: 15 | M52: =IF(OR(I52="",J52=""),"",MAX(I52-J52,0)) -> 3.11 | N52: 15 | O52: =IF(OR(M52="",N52=""),"",M52*N52/100) -> 0.4665 | P52: 175 | Q52: 식품영양성분 데이터베이스 | R52: UNKNOWN | S52: TRUE | W52: 단백질과 식이섬유를 함께 보완할 수 있는 소포장 아몬드입니다. | X52: 0 | Y52: https://fdc.nal.usda.gov/fdc-app.html#/food-search | Z52: 무염 아몬드 30g 대표값
B53: apple | C53: 사과 | D53: 사이드 | F53: 1개 | G53: 1 | H53: COUNT | I53: 35 | J53: 3.6 | K53: 0.52 | L53: 0.3 | M53: =IF(OR(I53="",J53=""),"",MAX(I53-J53,0)) -> 31.4 | N53: 36 | O53: =IF(OR(M53="",N53=""),"",M53*N53/100) -> 11.304 | P53: 120 | Q53: 식품영양성분 데이터베이스 | R53: UNKNOWN | S53: TRUE | W53: 간편하게 식이섬유를 더할 수 있는 사과 사이드입니다. | X53: 1 | Y53: https://fdc.nal.usda.gov/fdc-app.html#/food-search | Z53: 중간 크기 사과 1개 대표값
B54: paprika | C54: 파프리카 | D54: 사이드 | F54: 1개 | G54: 1 | H54: COUNT | I54: 9 | J54: 1.6 | K54: 0.91 | L54: 0.3 | M54: =IF(OR(I54="",J54=""),"",MAX(I54-J54,0)) -> 7.4 | N54: 15 | O54: =IF(OR(M54="",N54=""),"",M54*N54/100) -> 1.11 | P54: 35 | Q54: 식품영양성분 데이터베이스 | R54: UNKNOWN | S54: TRUE | W54: 아삭한 식감으로 가볍게 곁들일 수 있는 파프리카입니다. | X54: 3 | Y54: https://fdc.nal.usda.gov/fdc-app.html#/food-search | Z54: 생 파프리카 1개 대표값
B55: boiled_broccoli | C55: 삶은 브로콜리 | D55: 사이드 | F55: 1개 | G55: 1 | H55: COUNT | I55: 5.34 | J55: 3.1 | K55: 2.8 | L55: 0.31 | M55: =IF(OR(I55="",J55=""),"",MAX(I55-J55,0)) -> 2.24 | N55: 10 | O55: =IF(OR(M55="",N55=""),"",M55*N55/100) -> 0.224 | P55: 28 | Q55: 식품영양성분 데이터베이스 | R55: UNKNOWN | S55: TRUE | W55: 식이섬유를 보완하며 먼저 먹기 좋은 삶은 브로콜리입니다. | X55: 41 | Y55: https://fdc.nal.usda.gov/fdc-app.html#/food-search | Z55: 삶은 브로콜리 1회분, 무염 대표값
B56: canned_tuna | C56: 참치 통조림 | D56: 사이드 | F56: 1개 | G56: 1 | H56: COUNT | I56: 1 | J56: 0 | K56: 19 | L56: 5 | M56: =IF(OR(I56="",J56=""),"",MAX(I56-J56,0)) -> 1 | N56: 0 | O56: =IF(OR(M56="",N56=""),"",M56*N56/100) -> 0 | P56: 110 | Q56: 식품영양성분 데이터베이스 | R56: UNKNOWN | S56: TRUE | W56: 간편하게 단백질을 보완할 수 있는 참치 통조림입니다. | X56: 350 | Y56: https://various.foodsafetykorea.go.kr/nutrient/general/food/firstList.do | Z56: 참치 통조림 1개 일반 제품 대표값
... B59: edamame | C59: 풋콩 | D59: 사이드 | F59: 50g | G59: 50 | H59: G | I59: 5 | J59: 0 | K59: 6 | L59: 3 | M59: =IF(OR(I59="",J59=""),"",MAX(I59-J59,0)) -> 5 | N59: 18 | O59: =IF(OR(M59="",N59=""),"",M59*N59/100) -> 0.9 | P59: 65 | Q59: 식품영양성분 데이터베이스 | R59: UNKNOWN | S59: TRUE | W59: 가볍게 곁들이며 식물성 단백질을 보완할 수 있는 풋콩입니다. | X59: 3 | Y59: https://fdc.nal.usda.gov/fdc-app.html#/food-search | Z59: 풋콩 50g, 무염 대표값

Sheet sources
A1: id | B1: source_code | C1: organization | D1: title | E1: url | F1: publication_year | G1: accessed_at | H1: notes
B2: LOGI_FOOD_COACH | C2: Logi Food Coach | D2: 영양성분·GI 참고 데이터 | H2: 원 출처 확인 필요
B3: SCIENCEDIRECT_UNSPECIFIED | C3: ScienceDirect | D3: GI 관련 논문(세부 서지정보 입력 필요) | H3: 논문명·저자·연도·URL 확인 필요
B4: GLYCEMIC_INDEX_COM | C4: The University of Sydney | D4: Glycemic Index Research Service / GI Search | E4: https://glycemicindex.com
B5: CGM_FOUR_DIETS_STUDY | D5: 연속혈당측정기를 사용한 4가지 식단에 따른 혈당 변동성 및 혈당 조절능에 대한 연구
B6: KOREAN_DIET_GI_ESTIMATE | D6: 한국인 상용식품의 혈당지수 추정치를 활용한 한국 성인의 식사혈당지수 산출
B7: CARB_SNACK_GI_STUDY | D7: 탄수화물 간식류 식품 및 조리방법에 따른 혈당지수 및 혈당부하지수
B8: ATKINSON_2008 | D8: International tables of glycemic index and glycemic load values: 2008 | F8: 2008
B9: FOSTER_POWELL_2002 | D9: International table of glycemic index and glycemic load values: 2002 | F9: 2002

Sheet food_sources
A1: food_code | B1: source_code | C1: source_type | D1: data_quality | E1: notes
A2: gimbap | B2: SCIENCEDIRECT_UNSPECIFIED | C2: GI | D2: MEASURED
A3: bibimbap | B3: CGM_FOUR_DIETS_STUDY | C3: GI | D3: MEASURED
A4: chicken_salad | B4: LOGI_FOOD_COACH | C4: NUTRITION | D4: ESTIMATED
A5: chicken_salad | B5: LOGI_FOOD_COACH | C5: GI | D5: MEASURED
A6: fried_chicken | B6: LOGI_FOOD_COACH | C6: GI | D6: MEASURED
A7: white_rice | B7: GLYCEMIC_INDEX_COM | C7: GI | D7: MEASURED
A8: multigrain_rice | B8: KOREAN_DIET_GI_ESTIMATE | C8: GI | D8: ESTIMATED
A9: egg_fried_rice | B9: KOREAN_DIET_GI_ESTIMATE | C9: GI | D9: ESTIMATED
A10: curry_rice | B10: KOREAN_DIET_GI_ESTIMATE | C10: GI | D10: ESTIMATED
A11: spicy_pork_rice | B11: KOREAN_DIET_GI_ESTIMATE | C11: GI | D11: ESTIMATED
A12: samgyetang | B12: KOREAN_DIET_GI_ESTIMATE | C12: GI | D12: ESTIMATED
A13: bulgogi | B13: KOREAN_DIET_GI_ESTIMATE | C13: GI | D13: ESTIMATED
... A35: porridge | B35: ATKINSON_2008 | C35: GI | D35: MEASURED

Sheet side_menu_catalog
A1: id | B1: food_code | C1: food_name | D1: serving_description | E1: serving_amount | F1: serving_unit | G1: carb_g | H1: fiber_g | I1: protein_g | J1: fat_g | K1: available_carb_g | L1: gi | M1: gl | N1: calorie_kcal | O1: focus_nutrient | P1: purchase_place | Q1: ease_score | R1: price_min_krw | S1: price_max_krw | T1: recommendation_reason | U1: is_active
B2: boiled_egg | C2: 구운계란 | D2: 2개 | E2: =IFERROR(INDEX(foods!$G:$G,MATCH(B2,foods!$B:$B,0)),"") -> 2 | F2: =IFERROR(INDEX(foods!$H:$H,MATCH(B2,foods!$B:$B,0)),"") -> COUNT | G2: =IFERROR(INDEX(foods!$I:$I,MATCH(B2,foods!$B:$B,0)),"") -> 1.1 | H2: =IFERROR(INDEX(foods!$J:$J,MATCH(B2,foods!$B:$B,0)),"") -> 0 | I2: =IFERROR(INDEX(foods!$K:$K,MATCH(B2,foods!$B:$B,0)),"") -> 13 | J2: =IFERROR(INDEX(foods!$L:$L,MATCH(B2,foods!$B:$B,0)),"") -> 10 | K2: =IF(OR(G2="",H2=""),"",MAX(G2-H2,0)) -> 1.1 | L2: =IFERROR(INDEX(foods!$N:$N,MATCH(B2,foods!$B:$B,0)),"") -> 0 | M2: =IF(OR(K2="",L2=""),"",K2*L2/100) -> 0 | N2: =IFERROR(INDEX(foods!$P:$P,MATCH(B2,foods!$B:$B,0)),"") -> 150 | O2: PROTEIN | P2: 편의점 | T2: 단백질을 간편하게 보완할 수 있어요 | U2: TRUE
B3: soft_tofu | C3: 연두부 | D3: 1개 | E3: =IFERROR(INDEX(foods!$G:$G,MATCH(B3,foods!$B:$B,0)),"") -> 1 | F3: =IFERROR(INDEX(foods!$H:$H,MATCH(B3,foods!$B:$B,0)),"") -> COUNT | G3: =IFERROR(INDEX(foods!$I:$I,MATCH(B3,foods!$B:$B,0)),"") -> 5.7 | H3: =IFERROR(INDEX(foods!$J:$J,MATCH(B3,foods!$B:$B,0)),"") -> 0.3 | I3: =IFERROR(INDEX(foods!$K:$K,MATCH(B3,foods!$B:$B,0)),"") -> 4.66 | J3: =IFERROR(INDEX(foods!$L:$L,MATCH(B3,foods!$B:$B,0)),"") -> 7.5 | K3: =IF(OR(G3="",H3=""),"",MAX(G3-H3,0)) -> 5.4 | L3: =IFERROR(INDEX(foods!$N:$N,MATCH(B3,foods!$B:$B,0)),"") -> 15 | M3: =IF(OR(K3="",L3=""),"",K3*L3/100) -> 0.81 | N3: =IFERROR(INDEX(foods!$P:$P,MATCH(B3,foods!$B:$B,0)),"") -> 135 | O3: PROTEIN | P3: 편의점 | T3: 부드럽게 먹을 수 있는 단백질 메뉴예요 | U3: TRUE
B4: chicken_breast | C4: 닭가슴살 | D4: 1개 | E4: =IFERROR(INDEX(foods!$G:$G,MATCH(B4,foods!$B:$B,0)),"") -> 1 | F4: =IFERROR(INDEX(foods!$H:$H,MATCH(B4,foods!$B:$B,0)),"") -> COUNT | G4: =IFERROR(INDEX(foods!$I:$I,MATCH(B4,foods!$B:$B,0)),"") -> 0 | H4: =IFERROR(INDEX(foods!$J:$J,MATCH(B4,foods!$B:$B,0)),"") -> 0 | I4: =IFERROR(INDEX(foods!$K:$K,MATCH(B4,foods!$B:$B,0)),"") -> 24 | J4: =IFERROR(INDEX(foods!$L:$L,MATCH(B4,foods!$B:$B,0)),"") -> 2 | K4: =IF(OR(G4="",H4=""),"",MAX(G4-H4,0)) -> 0 | L4: =IFERROR(INDEX(foods!$N:$N,MATCH(B4,foods!$B:$B,0)),"") -> 0 | M4: =IF(OR(K4="",L4=""),"",K4*L4/100) -> 0 | N4: =IFERROR(INDEX(foods!$P:$P,MATCH(B4,foods!$B:$B,0)),"") -> 120 | O4: PROTEIN | P4: 편의점 | T4: 단백질이 부족한 식사에 추가하기 좋아요 | U4: TRUE
B5: cherry_tomato | C5: 방울토마토 | D5: 100g | E5: =IFERROR(INDEX(foods!$G:$G,MATCH(B5,foods!$B:$B,0)),"") -> 100 | F5: =IFERROR(INDEX(foods!$H:$H,MATCH(B5,foods!$B:$B,0)),"") -> G | G5: =IFERROR(INDEX(foods!$I:$I,MATCH(B5,foods!$B:$B,0)),"") -> 5 | H5: =IFERROR(INDEX(foods!$J:$J,MATCH(B5,foods!$B:$B,0)),"") -> 2.1 | I5: =IFERROR(INDEX(foods!$K:$K,MATCH(B5,foods!$B:$B,0)),"") -> 1 | J5: =IFERROR(INDEX(foods!$L:$L,MATCH(B5,foods!$B:$B,0)),"") -> 0.2 | K5: =IF(OR(G5="",H5=""),"",MAX(G5-H5,0)) -> 2.9 | L5: =IFERROR(INDEX(foods!$N:$N,MATCH(B5,foods!$B:$B,0)),"") -> 15 | M5: =IF(OR(K5="",L5=""),"",K5*L5/100) -> 0.435 | N5: =IFERROR(INDEX(foods!$P:$P,MATCH(B5,foods!$B:$B,0)),"") -> 20 | O5: FIBER | P5: 마트 | T5: 간편하게 식이섬유를 더할 수 있어요 | U5: TRUE
B6: radish_namul | C6: 무나물 | D6: 50g | E6: =IFERROR(INDEX(foods!$G:$G,MATCH(B6,foods!$B:$B,0)),"") -> 50 | F6: =IFERROR(INDEX(foods!$H:$H,MATCH(B6,foods!$B:$B,0)),"") -> G | G6: =IFERROR(INDEX(foods!$I:$I,MATCH(B6,foods!$B:$B,0)),"") -> 2 | H6: =IFERROR(INDEX(foods!$J:$J,MATCH(B6,foods!$B:$B,0)),"") -> 1.85 | I6: =IFERROR(INDEX(foods!$K:$K,MATCH(B6,foods!$B:$B,0)),"") -> 1.25 | J6: =IFERROR(INDEX(foods!$L:$L,MATCH(B6,foods!$B:$B,0)),"") -> 0.5 | K6: =IF(OR(G6="",H6=""),"",MAX(G6-H6,0)) -> 0.15 | L6: =IFERROR(INDEX(foods!$N:$N,MATCH(B6,foods!$B:$B,0)),"") -> 15 | M6: =IF(OR(K6="",L6=""),"",K6*L6/100) -> 0.0225 | N6: =IFERROR(INDEX(foods!$P:$P,MATCH(B6,foods!$B:$B,0)),"") -> 15 | O6: FIBER | P6: 마트 | T6: 식이섬유가 포함된 반찬을 추가할 수 있어요 | U6: TRUE
B7: cucumber | C7: 오이 | D7: 200g | E7: =IFERROR(INDEX(foods!$G:$G,MATCH(B7,foods!$B:$B,0)),"") -> 200 | F7: =IFERROR(INDEX(foods!$H:$H,MATCH(B7,foods!$B:$B,0)),"") -> G | G7: =IFERROR(INDEX(foods!$I:$I,MATCH(B7,foods!$B:$B,0)),"") -> 6 | H7: =IFERROR(INDEX(foods!$J:$J,MATCH(B7,foods!$B:$B,0)),"") -> 1.6 | I7: =IFERROR(INDEX(foods!$K:$K,MATCH(B7,foods!$B:$B,0)),"") -> 1.9 | J7: =IFERROR(INDEX(foods!$L:$L,MATCH(B7,foods!$B:$B,0)),"") -> 0.2 | K7: =IF(OR(G7="",H7=""),"",MAX(G7-H7,0)) -> 4.4 | L7: =IFERROR(INDEX(foods!$N:$N,MATCH(B7,foods!$B:$B,0)),"") -> 15 | M7: =IF(OR(K7="",L7=""),"",K7*L7/100) -> 0.66 | N7: =IFERROR(INDEX(foods!$P:$P,MATCH(B7,foods!$B:$B,0)),"") -> 25 | O7: FIBER | P7: 마트 | T7: 가볍게 곁들일 수 있는 채소예요 | U7: TRUE
B8: cabbage | C8: 양배추 | D8: 100g | E8: =IFERROR(INDEX(foods!$G:$G,MATCH(B8,foods!$B:$B,0)),"") -> 100 | F8: =IFERROR(INDEX(foods!$H:$H,MATCH(B8,foods!$B:$B,0)),"") -> G | G8: =IFERROR(INDEX(foods!$I:$I,MATCH(B8,foods!$B:$B,0)),"") -> 6 | H8: =IFERROR(INDEX(foods!$J:$J,MATCH(B8,foods!$B:$B,0)),"") -> 2.5 | I8: =IFERROR(INDEX(foods!$K:$K,MATCH(B8,foods!$B:$B,0)),"") -> 1.36 | J8: =IFERROR(INDEX(foods!$L:$L,MATCH(B8,foods!$B:$B,0)),"") -> 0.1 | K8: =IF(OR(G8="",H8=""),"",MAX(G8-H8,0)) -> 3.5 | L8: =IFERROR(INDEX(foods!$N:$N,MATCH(B8,foods!$B:$B,0)),"") -> 10 | M8: =IF(OR(K8="",L8=""),"",K8*L8/100) -> 0.35 | N8: =IFERROR(INDEX(foods!$P:$P,MATCH(B8,foods!$B:$B,0)),"") -> 25 | O8: FIBER | P8: 마트 | U8: TRUE
B9: almonds | C9: 아몬드 | D9: 1팩 (30g) | E9: =IFERROR(INDEX(foods!$G:$G,MATCH(B9,foods!$B:$B,0)),"") -> 30 | F9: =IFERROR(INDEX(foods!$H:$H,MATCH(B9,foods!$B:$B,0)),"") -> G | G9: =IFERROR(INDEX(foods!$I:$I,MATCH(B9,foods!$B:$B,0)),"") -> 6.5 | H9: =IFERROR(INDEX(foods!$J:$J,MATCH(B9,foods!$B:$B,0)),"") -> 3.39 | I9: =IFERROR(INDEX(foods!$K:$K,MATCH(B9,foods!$B:$B,0)),"") -> 7.04 | J9: =IFERROR(INDEX(foods!$L:$L,MATCH(B9,foods!$B:$B,0)),"") -> 15 | K9: =IF(OR(G9="",H9=""),"",MAX(G9-H9,0)) -> 3.11 | L9: =IFERROR(INDEX(foods!$N:$N,MATCH(B9,foods!$B:$B,0)),"") -> 15 | M9: =IF(OR(K9="",L9=""),"",K9*L9/100) -> 0.4665 | N9: =IFERROR(INDEX(foods!$P:$P,MATCH(B9,foods!$B:$B,0)),"") -> 175 | O9: BOTH | P9: 마트 | U9: TRUE
B10: apple | C10: 사과 | D10: 1개 | E10: =IFERROR(INDEX(foods!$G:$G,MATCH(B10,foods!$B:$B,0)),"") -> 1 | F10: =IFERROR(INDEX(foods!$H:$H,MATCH(B10,foods!$B:$B,0)),"") -> COUNT | G10: =IFERROR(INDEX(foods!$I:$I,MATCH(B10,foods!$B:$B,0)),"") -> 35 | H10: =IFERROR(INDEX(foods!$J:$J,MATCH(B10,foods!$B:$B,0)),"") -> 3.6 | I10: =IFERROR(INDEX(foods!$K:$K,MATCH(B10,foods!$B:$B,0)),"") -> 0.52 | J10: =IFERROR(INDEX(foods!$L:$L,MATCH(B10,foods!$B:$B,0)),"") -> 0.3 | K10: =IF(OR(G10="",H10=""),"",MAX(G10-H10,0)) -> 31.4 | L10: =IFERROR(INDEX(foods!$N:$N,MATCH(B10,foods!$B:$B,0)),"") -> 36 | M10: =IF(OR(K10="",L10=""),"",K10*L10/100) -> 11.304 | N10: =IFERROR(INDEX(foods!$P:$P,MATCH(B10,foods!$B:$B,0)),"") -> 120 | O10: FIBER | P10: 마트 | U10: TRUE
B11: paprika | C11: 파프리카 | D11: 1개 | E11: =IFERROR(INDEX(foods!$G:$G,MATCH(B11,foods!$B:$B,0)),"") -> 1 | F11: =IFERROR(INDEX(foods!$H:$H,MATCH(B11,foods!$B:$B,0)),"") -> COUNT | G11: =IFERROR(INDEX(foods!$I:$I,MATCH(B11,foods!$B:$B,0)),"") -> 9 | H11: =IFERROR(INDEX(foods!$J:$J,MATCH(B11,foods!$B:$B,0)),"") -> 1.6 | I11: =IFERROR(INDEX(foods!$K:$K,MATCH(B11,foods!$B:$B,0)),"") -> 0.91 | J11: =IFERROR(INDEX(foods!$L:$L,MATCH(B11,foods!$B:$B,0)),"") -> 0.3 | K11: =IF(OR(G11="",H11=""),"",MAX(G11-H11,0)) -> 7.4 | L11: =IFERROR(INDEX(foods!$N:$N,MATCH(B11,foods!$B:$B,0)),"") -> 15 | M11: =IF(OR(K11="",L11=""),"",K11*L11/100) -> 1.11 | N11: =IFERROR(INDEX(foods!$P:$P,MATCH(B11,foods!$B:$B,0)),"") -> 35 | O11: FIBER | P11: 마트 | U11: TRUE
B12: boiled_broccoli | C12: 삶은 브로콜리 | D12: 1개 | E12: =IFERROR(INDEX(foods!$G:$G,MATCH(B12,foods!$B:$B,0)),"") -> 1 | F12: =IFERROR(INDEX(foods!$H:$H,MATCH(B12,foods!$B:$B,0)),"") -> COUNT | G12: =IFERROR(INDEX(foods!$I:$I,MATCH(B12,foods!$B:$B,0)),"") -> 5.34 | H12: =IFERROR(INDEX(foods!$J:$J,MATCH(B12,foods!$B:$B,0)),"") -> 3.1 | I12: =IFERROR(INDEX(foods!$K:$K,MATCH(B12,foods!$B:$B,0)),"") -> 2.8 | J12: =IFERROR(INDEX(foods!$L:$L,MATCH(B12,foods!$B:$B,0)),"") -> 0.31 | K12: =IF(OR(G12="",H12=""),"",MAX(G12-H12,0)) -> 2.24 | L12: =IFERROR(INDEX(foods!$N:$N,MATCH(B12,foods!$B:$B,0)),"") -> 10 | M12: =IF(OR(K12="",L12=""),"",K12*L12/100) -> 0.224 | N12: =IFERROR(INDEX(foods!$P:$P,MATCH(B12,foods!$B:$B,0)),"") -> 28 | O12: FIBER | P12: 마트 | U12: TRUE
B13: canned_tuna | C13: 참치 통조림 | D13: 1개 | E13: =IFERROR(INDEX(foods!$G:$G,MATCH(B13,foods!$B:$B,0)),"") -> 1 | F13: =IFERROR(INDEX(foods!$H:$H,MATCH(B13,foods!$B:$B,0)),"") -> COUNT | G13: =IFERROR(INDEX(foods!$I:$I,MATCH(B13,foods!$B:$B,0)),"") -> 1 | H13: =IFERROR(INDEX(foods!$J:$J,MATCH(B13,foods!$B:$B,0)),"") -> 0 | I13: =IFERROR(INDEX(foods!$K:$K,MATCH(B13,foods!$B:$B,0)),"") -> 19 | J13: =IFERROR(INDEX(foods!$L:$L,MATCH(B13,foods!$B:$B,0)),"") -> 5 | K13: =IF(OR(G13="",H13=""),"",MAX(G13-H13,0)) -> 1 | L13: =IFERROR(INDEX(foods!$N:$N,MATCH(B13,foods!$B:$B,0)),"") -> 0 | M13: =IF(OR(K13="",L13=""),"",K13*L13/100) -> 0 | N13: =IFERROR(INDEX(foods!$P:$P,MATCH(B13,foods!$B:$B,0)),"") -> 110 | O13: PROTEIN | P13: 마트, 편의점 | U13: TRUE
B14: plain_greek_yogurt | C14: 무가당 그릭요거트 | D14: 100g | E14: =IFERROR(INDEX(foods!$G:$G,MATCH(B14,foods!$B:$B,0)),"") -> 100 | F14: =IFERROR(INDEX(foods!$H:$H,MATCH(B14,foods!$B:$B,0)),"") -> G | G14: =IFERROR(INDEX(foods!$I:$I,MATCH(B14,foods!$B:$B,0)),"") -> 4 | H14: =IFERROR(INDEX(foods!$J:$J,MATCH(B14,foods!$B:$B,0)),"") -> 0 | I14: =IFERROR(INDEX(foods!$K:$K,MATCH(B14,foods!$B:$B,0)),"") -> 7.33 | J14: =IFERROR(INDEX(foods!$L:$L,MATCH(B14,foods!$B:$B,0)),"") -> 2 | K14: =IF(OR(G14="",H14=""),"",MAX(G14-H14,0)) -> 4 | L14: =IFERROR(INDEX(foods!$N:$N,MATCH(B14,foods!$B:$B,0)),"") -> 17 | M14: =IF(OR(K14="",L14=""),"",K14*L14/100) -> 0.68 | N14: =IFERROR(INDEX(foods!$P:$P,MATCH(B14,foods!$B:$B,0)),"") -> 60 | O14: PROTEIN | P14: 마트 | U14: TRUE
B15: milk | C15: 우유 | D15: 200ml | E15: =IFERROR(INDEX(foods!$G:$G,MATCH(B15,foods!$B:$B,0)),"") -> 200 | F15: =IFERROR(INDEX(foods!$H:$H,MATCH(B15,foods!$B:$B,0)),"") -> ML | G15: =IFERROR(INDEX(foods!$I:$I,MATCH(B15,foods!$B:$B,0)),"") -> 9 | H15: =IFERROR(INDEX(foods!$J:$J,MATCH(B15,foods!$B:$B,0)),"") -> 0 | I15: =IFERROR(INDEX(foods!$K:$K,MATCH(B15,foods!$B:$B,0)),"") -> 6 | J15: =IFERROR(INDEX(foods!$L:$L,MATCH(B15,foods!$B:$B,0)),"") -> 6 | K15: =IF(OR(G15="",H15=""),"",MAX(G15-H15,0)) -> 9 | L15: =IFERROR(INDEX(foods!$N:$N,MATCH(B15,foods!$B:$B,0)),"") -> 27 | M15: =IF(OR(K15="",L15=""),"",K15*L15/100) -> 2.43 | N15: =IFERROR(INDEX(foods!$P:$P,MATCH(B15,foods!$B:$B,0)),"") -> 120 | O15: PROTEIN | P15: 마트, 편의점 | U15: TRUE
B16: edamame | C16: 풋콩 | D16: 50g | E16: =IFERROR(INDEX(foods!$G:$G,MATCH(B16,foods!$B:$B,0)),"") -> 50 | F16: =IFERROR(INDEX(foods!$H:$H,MATCH(B16,foods!$B:$B,0)),"") -> G | G16: =IFERROR(INDEX(foods!$I:$I,MATCH(B16,foods!$B:$B,0)),"") -> 5 | H16: =IFERROR(INDEX(foods!$J:$J,MATCH(B16,foods!$B:$B,0)),"") -> 0 | I16: =IFERROR(INDEX(foods!$K:$K,MATCH(B16,foods!$B:$B,0)),"") -> 6 | J16: =IFERROR(INDEX(foods!$L:$L,MATCH(B16,foods!$B:$B,0)),"") -> 3 | K16: =IF(OR(G16="",H16=""),"",MAX(G16-H16,0)) -> 5 | L16: =IFERROR(INDEX(foods!$N:$N,MATCH(B16,foods!$B:$B,0)),"") -> 18 | M16: =IF(OR(K16="",L16=""),"",K16*L16/100) -> 0.9 | N16: =IFERROR(INDEX(foods!$P:$P,MATCH(B16,foods!$B:$B,0)),"") -> 65 | O16: PROTEIN | P16: 마트 | U16: TRUE

Sheet codebook
A1: sheet | B1: column | C1: type | D1: nullable | E1: description | F1: allowed_values / example
A2: foods | B2: id | C2: uuid | D2: Y | E2: DB 기본키. 서버 저장 시 UUID v7 생성 | F2: 019...
A3: foods | B3: food_code | C3: string | D3: N | E3: 변경하지 않는 음식 업무 식별자 | F3: snake_case, unique
A4: foods | B4: serving_amount | C4: decimal | D4: Y | E4: 영양값의 기준 제공량 | F4: 100
A5: foods | B5: serving_unit | C5: enum | D5: Y | E5: 제공량 단위 | F5: G, ML, COUNT
A6: foods | B6: carb_g/fiber_g/protein_g/fat_g | C6: decimal | D6: Y | E6: 해당 제공량 기준 영양성분(g) | F6: >= 0
A7: foods | B7: available_carb_g | C7: formula | D7: Y | E7: 탄수화물-식이섬유, 최소 0 | F7: 자동 계산
A8: foods | B8: gi | C8: decimal | D8: Y | E8: 혈당지수. 미확정은 빈칸 | F8: 0~100 권장, 출처 필수
A9: foods | B9: gl | C9: formula | D9: Y | E9: GI×유효 탄수화물/100 | F9: 자동 계산
A10: foods | B10: nutrition_data_quality / gi_data_quality | C10: enum | D10: N | E10: 데이터 품질 상태 | F10: MEASURED, ESTIMATED, GROUP_ESTIMATED, UNKNOWN
A11: sources | B11: source_code | C11: string | D11: N | E11: 변경하지 않는 출처 식별자 | F11: UPPER_SNAKE_CASE, unique
A12: food_sources | B12: source_type | C12: enum | D12: N | E12: 출처가 뒷받침하는 데이터 구분 | F12: NUTRITION, GI
... A16: side_menu_catalog | B16: price_min_krw / price_max_krw | C16: integer | D16: Y | E16: 예상 가격 범위(원) | F16: >= 0
